Functional Location,Description,SAP Functional Location,Status,Vertical,Subvertical,Location Category,Voltage Level,Business Area,Maint. Work Center,Station/Area
KALS/KVT/G00001,PMU KOTA SETAR - PPU PENDANG,KALS/KVT/G00001,OPERATING,MCMS,33KV,SUBSTATION CODE,NULL,6240,KALS33OH,KALS
KALS/KVT/G00002,PPU BKT. RAYA - PPU PENDANG,KALS/KVT/G00002,OPERATING,MCMS,33KV,NULL,NULL,6240,KALS33OH,KALS
KALS/KVT/G00003,PMU K/SETAR - TOWER KSPTG 18,KALS/KVT/G00003,OPERATING,MCMS,33KV,SUBSTATION CODE,NULL,6240,KALS33OH,KALS
KALS/KVT/G00004,PPU MERGONG BARRAGE - TEE OFF TOWER KSPTG,KALS/KVT/G00004,OPERATING,MCMS,33KV,SUBSTATION CODE,NULL,6240,KALS33OH,KALS
KALS/KVT/G00005,TIANG ASK 29 - TEE OFF PPU A/STAR,KALS/KVT/G00005,OPERATING,MCMS,33KV,NULL,NULL,6240,KALS33OH,KALS
KALS/KVT/G00006,PMU GIS - PPU JERLUN,KALS/KVT/G00006,OPERATING,MCMS,33KV,SUBSTATION CODE,NULL,6240,KALS33OH,KALS
KALS/KVT/G00007,TOWER KSPTG 18 - ASK KB 27,KALS/KVT/G00007,OPERATING,MCMS,33KV,NULL,NULL,6240,KALS33OH,KALS
KALS/KVT/G00008,PMU GIS - PPU KEPALA BATAS,KALS/KVT/G00008,OPERATING,MCMS,33KV,SUBSTATION CODE,NULL,6240,KALS33OH,KALS
KALS/KVT/G00009,PMU K.SETAR - PMU TAMAN NURI,KALS/KVT/G00009,OPERATING,MCMS,33KV,SUBSTATION CODE,NULL,6240,KALSHLUG,KALS
KALS/KVT/G00010,PMU K.SETAR - SSU SIME TYRE,KALS/KVT/G00010,OPERATING,MCMS,33KV,SUBSTATION CODE,NULL,6240,KALSHLUG,KALS
KALS/KVT/G00011,SSU SIME TYRE - PPU M.BARRAGE,KALS/KVT/G00011,OPERATING,MCMS,33KV,SUBSTATION CODE,NULL,6240,KALSHLUG,KALS
KALS/KVT/G00012,PMU A.SETAR GIS - PPU M.INDUSTRI,KALS/KVT/G00012,OPERATING,MCMS,33KV,SUBSTATION CODE,NULL,6240,KALSHLUG,KALS
KALS/KVT/G00013,PMU A.SETAR GIS - PPU M.BARRAGE,KALS/KVT/G00013,OPERATING,MCMS,33KV,SUBSTATION CODE,NULL,6240,KALSHLUG,KALS
KALS/KVT/G00014,PMU A.SETAR GIS - PPU WISMA TNB NO.1,KALS/KVT/G00014,OPERATING,MCMS,33KV,SUBSTATION CODE,NULL,6240,KALSHLUG,KALS
KALS/KVT/G00015,PMU A.SETAR GIS - PPU WISMA TNB NO.2,KALS/KVT/G00015,OPERATING,MCMS,33KV,SUBSTATION CODE,NULL,6240,KALSHLUG,KALS
KALS/KVT/G00016,PMU GIS - PPU TMN NURI - DEL,KALS/KVT/G00016,OPERATING,MCMS,33KV,SUBSTATION CODE,NULL,6240,KALS33OH,KALS
KALS/KVT/G00017,PPU TMN NURI - PPU HOSPITAL BARU - DEL,KALS/KVT/G00017,OPERATING,MCMS,33KV,SUBSTATION CODE,NULL,6240,KALSHLUG,KALS
KALS/KVT/G00018,PMU A.SETAR GIS - PPU AL BUKHARY,KALS/KVT/G00018,OPERATING,MCMS,33KV,SUBSTATION CODE,NULL,6240,KALSHLUG,KALS
KALS/KVT/G00019,PPU AL BUKHARY - PPU TAMAN NURI,KALS/KVT/G00019,OPERATING,MCMS,33KV,SUBSTATION CODE,NULL,6240,KALSHLUG,KALS
KALS/KVT/G00020,PMU MERGONG - PPU MUADZAM NO.1,KALS/KVT/G00020,OPERATING,MCMS,33KV,SUBSTATION CODE,NULL,6240,KALSHLUG,KALS
KALS/KVT/G00021,PMU MERGONG - PPU MUADZAM NO.2,KALS/KVT/G00021,OPERATING,MCMS,33KV,SUBSTATION CODE,NULL,6240,KALSHLUG,KALS
KALS/KVT/G00022,PPU MUADZAM SHAH - PPU KEPALA BATAS,KALS/KVT/G00022,OPERATING,MCMS,33KV,SUBSTATION CODE,NULL,6240,KALSHLUG,KALS
KALS/KVT/G00023,PMU MERGONG - PPU M.BARRAGE,KALS/KVT/G00023,OPERATING,MCMS,33KV,SUBSTATION CODE,NULL,6240,KALSHLUG,KALS
KALS/KVT/G00024,PMU A.SETAR GIS - PMU MERGONG NO.1,KALS/KVT/G00024,OPERATING,MCMS,33KV,SUBSTATION CODE,NULL,6240,KALSHLUG,KALS
KALS/KVT/G00025,PMU A.SETAR GIS - PMU MERGONG NO.2,KALS/KVT/G00025,OPERATING,MCMS,33KV,SUBSTATION CODE,NULL,6240,KALSHLUG,KALS
KALS/KVT/G00026,PMU HOSPITAL BARU - PPU KEPALA BATAS,KALS/KVT/G00026,OPERATING,MCMS,33KV,SUBSTATION CODE,NULL,6240,KALSHLUG,KALS
KALS/KVT/G00027,PMU MERGONG - TIANG ASSJ 25,KALS/KVT/G00027,OPERATING,MCMS,33KV,SUBSTATION CODE,NULL,6240,KALSHLUG,KALS
KALS/KVT/G00028,PMU MERGONG - PPU M.INDUSTRI,KALS/KVT/G00028,OPERATING,MCMS,33KV,SUBSTATION CODE,NULL,6240,KALSHLUG,KALS
KALS/KVT/G00029,PMU A.SETAR GIS - PPU AMAN CENTRAL NO.1,KALS/KVT/G00029,OPERATING,MCMS,33KV,SUBSTATION CODE,NULL,6240,KALSHLUG,KALS
KALS/KVT/G00030,PMU A.SETAR GIS - PPU AMAN CENTRAL NO.2,KALS/KVT/G00030,OPERATING,MCMS,33KV,SUBSTATION CODE,NULL,6240,KALSHLUG,KALS
KALS/KVT/G00031,PPU HOSPITAL BARU - PPU JABI,KALS/KVT/G00031,OPERATING,MCMS,33KV,SUBSTATION CODE,NULL,6240,KALSHLUG,KALS
KALS/KVT/G00032,PMU A.SETAR GIS - PPU HOSPITAL,KALS/KVT/G00032,OPERATING,MCMS,33KV,SUBSTATION CODE,NULL,6240,KALSHLUG,KALS
KALS/KVT/G00033,PPU JABI - PPU KG LANJUT,KALS/KVT/G00033,OPERATING,MCMS,33KV,SUBSTATION CODE,NULL,6240,KALSHLUG,KALS
KALS/KVT/G00034,PMU KOTA SETAR - MINI PPU TAMAN BERSATU,KALS/KVT/G00034,OPERATING,MCMS,33KV,SUBSTATION CODE,NULL,6240,KALSHLUG,KALS
KALS/KVT/G0018,NULL,KALS/KVT/G0018,OPERATING,MCMS,33KV,SUBSTATION CODE,NULL,6240,NULL,KALS
KBBU/KVT/G00001,PMU KULIM_PPU SERDANG,KBBU/KVT/G00001,OPERATING,MCMS,33KV,SUBSTATION CODE,NULL,6295,KKLM33UO,KBBU
KBBU/KVT/G00002,PMU SG KECHIK - PPU SERDANG,KBBU/KVT/G00002,OPERATING,MCMS,33KV,SUBSTATION CODE,NULL,6295,KKLM33UO,KBBU
KBLG/KVT/G00001,PPU SIK - PMU BALING,KBLG/KVT/G00001,OPERATING,MCMS,33KV,SUBSTATION CODE,NULL,6292,KKLM33UO,KBLG
KBLG/KVT/G00002,PMU KUALA KETIL_MINI PPU KELEDANG,KBLG/KVT/G00002,OPERATING,MCMS,33KV,SUBSTATION CODE,NULL,6292,KKLM33UO,KBLG
KBLG/KVT/G00003,MINI PPU KELEDANG - MPPU A1 RUBBER,KBLG/KVT/G00003,OPERATING,MCMS,33KV,SUBSTATION CODE,NULL,6292,KKLM33UO,KBLG
KGCM/KVT/G00001,PMU GURUN EAST - PPU GURUN INDUSTRI,KGCM/KVT/G00001,OPERATING,MCMS,33KV,SUBSTATION CODE,NULL,6244,NULL,KGCM
KGCM/KVT/G00002,PPU GURUN INDUSTRI - SSU MODENAS,KGCM/KVT/G00002,OPERATING,MCMS,33KV,SUBSTATION CODE,NULL,6290,KSGPHVUG,KGCM
KGCM/KVT/G00003,PPU GURUN INDUSTRI - SSU NAZA,KGCM/KVT/G00003,OPERATING,MCMS,33KV,SUBSTATION CODE,NULL,6290,KSGPHVUG,KGCM
KGCM/KVT/G00004,PMU GURUN EAST - SSU NPK GURUN,KGCM/KVT/G00004,OPERATING,MCMS,33KV,SUBSTATION CODE,NULL,6290,KSGPHVUG,KGCM
KGCM/KVT/G00005,SSU NAZA - SSU NPK GURUN,KGCM/KVT/G00005,OPERATING,MCMS,33KV,SUBSTATION CODE,NULL,6290,KSGPHVUG,KGCM
KGCM/KVT/G00006,PMU GURUN EAST - SSU GURUN EAST,KGCM/KVT/G00006,OPERATING,MCMS,33KV,SUBSTATION CODE,NULL,6290,KSGPHVUG,KGCM
KGCM/KVT/G00007,PMU GURUN EAST - SSU ZXT RUIFENG (F1),KGCM/KVT/G00007,OPERATING,MCMS,33KV,SUBSTATION CODE,NULL,6290,KSGPHVUG,KGCM
KGCM/KVT/G00008,PMU GURUN EAST - SSU ZXT RUIFENG (F2),KGCM/KVT/G00008,OPERATING,MCMS,33KV,SUBSTATION CODE,NULL,6290,KSGPHVUG,KGCM
KJIT/KVT/G00001,PMU TG.PAUH - PPU KEPALA BATAS,KJIT/KVT/G00001,OPERATING,MCMS,33KV,SUBSTATION CODE,NULL,6242,KJITHLUG,KJIT
KJIT/KVT/G00002,PMU TG.PAUH - TIANG NO.16 KB - KN,KJIT/KVT/G00002,OPERATING,MCMS,33KV,SUBSTATION CODE,NULL,6242,KJITHLUG,KJIT
KJIT/KVT/G00003,PMU TG PAUH - PPU CHANGLON,KJIT/KVT/G00003,OPERATING,MCMS,33KV,SUBSTATION CODE,NULL,6242,KALS33OH,KJIT
KJIT/KVT/G00004,PPU CHANGLON - PPU SINTUK,KJIT/KVT/G00004,OPERATING,MCMS,33KV,SUBSTATION CODE,NULL,6242,KALS33OH,KJIT
KJIT/KVT/G00005,PMU BUKIT KAYU HITAM - PPU SINTUK,KJIT/KVT/G00005,OPERATING,MCMS,33KV,SUBSTATION CODE,NULL,6242,KALS33OH,KJIT
KJIT/KVT/G00006,PPU KEPALA BATAS - PPU KUALA NERANG,KJIT/KVT/G00006,OPERATING,MCMS,33KV,SUBSTATION CODE,NULL,6242,KALS33OH,KJIT
KJIT/KVT/G00007,PMU BKT KAYU HITAM - PPU POLI PAUH,KJIT/KVT/G00007,OPERATING,MCMS,33KV,SUBSTATION CODE,NULL,6242,KALS33OH,KJIT
KJIT/KVT/G00008,PPU JERLUN - PPU SIMP 4 - TEE OFF KERPAN,KJIT/KVT/G00008,OPERATING,MCMS,33KV,SUBSTATION CODE,NULL,6242,KALS33OH,KJIT
KJIT/KVT/G00009,PMU TG. PAUH - PPU BANDAR DARULAMAN NO.1,KJIT/KVT/G00009,OPERATING,MCMS,33KV,SUBSTATION CODE,NULL,6242,KJITHLUG,KJIT
KJIT/KVT/G00010,PPU BANDAR DARULAMAN - PPU PELUBANG - DEL,KJIT/KVT/G00010,OPERATING,MCMS,33KV,SUBSTATION CODE,NULL,6242,KJITHLUG,KJIT
KJIT/KVT/G00011,PMU BKT KAYU HITAM - PPU CHANGLON,KJIT/KVT/G00011,OPERATING,MCMS,33KV,SUBSTATION CODE,NULL,6242,KALS33OH,KJIT
KJIT/KVT/G00012,PMU TG. PAUH - PPU BANDAR DARULAMAN NO.2,KJIT/KVT/G00012,OPERATING,MCMS,33KV,SUBSTATION CODE,NULL,6242,KJITHLUG,KJIT
KJIT/KVT/G00013,PMU TG. PAUH - PPU PELUBANG,KJIT/KVT/G00013,OPERATING,MCMS,33KV,SUBSTATION CODE,NULL,6242,KJITHLUG,KJIT
KJIT/KVT/G00014,PPU PELUBANG (3P5) - PPU JABI (2P5),KJIT/KVT/G00014,OPERATING,MCMS,33KV,SUBSTATION CODE,NULL,6242,KJITHLUG,KJIT
KJIT/KVT/G00015,PPU PELUBANG (4P5) - PPU JABI (4P5),KJIT/KVT/G00015,OPERATING,MCMS,33KV,SUBSTATION CODE,NULL,6242,KJITHLUG,KJIT
KKLM/KVT/G00001,PMU KULIM - PPU TMN SELASIH NO.1,KKLM/KVT/G00001,OPERATING,MCMS,33KV,SUBSTATION CODE,NULL,6294,KKLM33UO,KKLM
KKLM/KVT/G00002,PPU TMN SELASIH - PPU TMN MAKMUR,KKLM/KVT/G00002,OPERATING,MCMS,33KV,SUBSTATION CODE,NULL,6294,KKLM33UO,KKLM
KKLM/KVT/G00003,PMU GUTHRIE - PPU TAMAN MAKMUR NO.1,KKLM/KVT/G00003,OPERATING,MCMS,33KV,SUBSTATION CODE,NULL,6294,KKLM33UO,KKLM
KKLM/KVT/G00004,PMU GUTHRIE - PPU MBI Desaku (feeder 2),KKLM/KVT/G00004,OPERATING,MCMS,33KV,SUBSTATION CODE,NULL,6294,KKLM33UO,KKLM
KKLM/KVT/G00005,PPU SG KARANGAN 4L5_PPU KUALA KETIL 2L5,KKLM/KVT/G00005,OPERATING,MCMS,33KV,SUBSTATION CODE,NULL,6294,KKLM33UO,KKLM
KKLM/KVT/G00006,PPU KUALA KETIL 1L5_PMU JENIANG,KKLM/KVT/G00006,OPERATING,MCMS,33KV,SUBSTATION CODE,NULL,6294,KKLM33UO,KKLM
KKLM/KVT/G00007,PMU KUALA KETIL - PPU KUALA KETIL,KKLM/KVT/G00007,OPERATING,MCMS,33KV,SUBSTATION CODE,NULL,6294,KKLM33UO,KKLM
KKLM/KVT/G00008,PMU GUTHRIE - SSU INOKOM,KKLM/KVT/G00008,OPERATING,MCMS,33KV,SUBSTATION CODE,NULL,6294,KKLM33UO,KKLM
KKLM/KVT/G00009,SSU INOKOM - SSU GUTHRIE,KKLM/KVT/G00009,OPERATING,MCMS,33KV,SUBSTATION CODE,NULL,6294,KKLM33UO,KKLM
KKLM/KVT/G00010,PMU GUTHRIE - SSU GUTHRIE,KKLM/KVT/G00010,OPERATING,MCMS,33KV,SUBSTATION CODE,NULL,6294,KKLM33UO,KKLM
KKLM/KVT/G00011,PMU KULIM (3L5) - PPU KULIM IND NO.1,KKLM/KVT/G00011,OPERATING,MCMS,33KV,SUBSTATION CODE,NULL,6294,KKLM33UO,KKLM
KKLM/KVT/G00012,PMU KULIM (1L5) - PPU KULIM IND NO.2,KKLM/KVT/G00012,OPERATING,MCMS,33KV,SUBSTATION CODE,NULL,6294,KKLM33UO,KKLM
KKLM/KVT/G00013,PPU SERDANG - PPU ADTECH,KKLM/KVT/G00013,OPERATING,MCMS,33KV,SUBSTATION CODE,NULL,6294,KKLM33UO,KKLM
KKLM/KVT/G00014,PMU KULIM - PPU TMN SELASIH NO.2,KKLM/KVT/G00014,OPERATING,MCMS,33KV,SUBSTATION CODE,NULL,6294,KKLM33UO,KKLM
KKLM/KVT/G00015,PMU KUALA KETIL - PPU INSANIAH NO.1,KKLM/KVT/G00015,OPERATING,MCMS,33KV,SUBSTATION CODE,NULL,6294,KKLM33UO,KKLM
KKLM/KVT/G00016,PMU KUALA KETIL - PPU INSANIAH NO.2,KKLM/KVT/G00016,OPERATING,MCMS,33KV,SUBSTATION CODE,NULL,6294,KKLM33UO,KKLM
KKLM/KVT/G00017,PMU GUTHRIE - PPU KULIM INDUSTRI NO 1,KKLM/KVT/G00017,OPERATING,MCMS,33KV,SUBSTATION CODE,NULL,6294,KKLM33UO,KKLM
KKLM/KVT/G00018,SSU RENESAS - PPU SG ULAR,KKLM/KVT/G00018,OPERATING,MCMS,33KV,SUBSTATION CODE,NULL,6294,KKLM33UO,KKLM
KKLM/KVT/G00019,PMU KULIM - SSU RENESAS NO.1,KKLM/KVT/G00019,OPERATING,MCMS,33KV,SUBSTATION CODE,NULL,6294,KKLM33UO,KKLM
KKLM/KVT/G00020,PMU KULIM - SSU RENESAS NO.2,KKLM/KVT/G00020,OPERATING,MCMS,33KV,SUBSTATION CODE,NULL,6294,KKLM33UO,KKLM
KKLM/KVT/G00021,PMU GUTHRIE - PPU TAMAN MAKMUR NO.2,KKLM/KVT/G00021,OPERATING,MCMS,33KV,SUBSTATION CODE,NULL,6294,KKLM33UO,KKLM
KKLM/KVT/G00022,PMU SG. KECIL - PPU ADTECH,KKLM/KVT/G00022,OPERATING,MCMS,33KV,SUBSTATION CODE,NULL,6294,KKLM33UO,KKLM
KKLM/KVT/G00023,PPU TMN SELASIH(3L5) - MPPU JUNJUNG(1L4),KKLM/KVT/G00023,OPERATING,MCMS,33KV,SUBSTATION CODE,NULL,6294,KKLM33UO,KKLM
KKLM/KVT/G00024,PPU KULIM INDS(4P5) - SSU RENASAS(5S5),KKLM/KVT/G00024,OPERATING,MCMS,33KV,SUBSTATION CODE,NULL,6294,KKLM33UO,KKLM
KKLM/KVT/G00025,PMU GUTHRIE - PPU MBI Desaku (feeder 1),KKLM/KVT/G00025,OPERATING,MCMS,33KV,SUBSTATION CODE,NULL,6294,KKLM33UO,KKLM
KKLM/KVT/G00026,PMU KUALA KETIL - PPU SG KARANGAN NO. 1,KKLM/KVT/G00026,OPERATING,MCMS,33KV,SUBSTATION CODE,NULL,6294,KKLM33UO,KKLM
KKLM/KVT/G00027,PMU KUALA KETIL - PPU SG KARANGAN NO. 2,KKLM/KVT/G00027,OPERATING,MCMS,33KV,SUBSTATION CODE,NULL,6294,KKLM33UO,KKLM
KKLM/KVT/G00028,PPU INSANIAH - SSU INOKOM,KKLM/KVT/G00028,OPERATING,MCMS,33KV,SUBSTATION CODE,NULL,6294,KKLM33UO,KKLM
KKLM/KVT/G00029,PPU MBI Desaku 3P5 - PPU Sg Karangan 3L5,KKLM/KVT/G00029,OPERATING,MCMS,33KV,SUBSTATION CODE,NULL,6294,KKLM33UO,KKLM
KKLM/KVT/G00030,PMU GUTHRIE (9L5) -  - SSU XSD (feeder 1),KKLM/KVT/G00030,OPERATING,MCMS,33KV,SUBSTATION CODE,NULL,6294,KKLM33UO,KKLM
KKLM/KVT/G00031,PMU GUTHRIE (10L5) - SSU XSD (feeder 2),KKLM/KVT/G00031,OPERATING,MCMS,33KV,SUBSTATION CODE,NULL,6294,KKLM33UO,KKLM
KKLM/KVT/G00032,SSU XSD (6S5) - PPU SG KARANGAN (4L5),KKLM/KVT/G00032,OPERATING,MCMS,33KV,SUBSTATION CODE,NULL,6294,KKLM33UO,KKLM
KKLM/KVT/G00033,PMU KUALA KETIL - PPU KUALA KETIL NO. 2,KKLM/KVT/G00033,OPERATING,MCMS,33KV,NULL,NULL,6294,NULL,KKLM
KKNG/KVT/G00001,PPU KUALA NERANG - PPU NAKA,KKNG/KVT/G00001,OPERATING,MCMS,33KV,SUBSTATION CODE,NULL,6245,KALS33OH,KKNG
KKNG/KVT/G00002,PPU KUALA NERANG - PPU PADANG SANAI,KKNG/KVT/G00002,OPERATING,MCMS,33KV,SUBSTATION CODE,NULL,6245,KALS33OH,KKNG
KKNG/KVT/G00003,PPU JABI - PPU KUALA NERANG,KKNG/KVT/G00003,OPERATING,MCMS,33KV,NULL,NULL,6245,KALSHLUG,KKNG
KLGK/KVT/G00001,PPU UMKA (CB3L5) - PPU KLBG (CB1L5),KLGK/KVT/G00001,OPERATING,MCMS,33KV,SUBSTATION CODE,NULL,6243,KLGKHLUG,KLGK
KLGK/KVT/G00002,PPU KLBG (CB2L5) - PPU KUAH (CB2P5),KLGK/KVT/G00002,OPERATING,MCMS,33KV,SUBSTATION CODE,NULL,6243,KALSHLUG,KLGK
KLGK/KVT/G00003,PMU UMKA (CB1L5) - PPU KUAH (CB1L5),KLGK/KVT/G00003,OPERATING,MCMS,33KV,SUBSTATION CODE,NULL,6243,KALSHLUG,KLGK
KLGK/KVT/G00004,PPU UMKA (CB4L5) - PPU KURA (CB2L5),KLGK/KVT/G00004,OPERATING,MCMS,33KV,SUBSTATION CODE,NULL,6243,KALSHLUG,KLGK
KLGK/KVT/G00005,PPU KURA (CB1L5) - PPU ARPT (CB2L5),KLGK/KVT/G00005,OPERATING,MCMS,33KV,SUBSTATION CODE,NULL,6243,KALSHLUG,KLGK
KLGK/KVT/G00006,PPU ARPT (CB4L5) - PPU KKOK (CB2L5),KLGK/KVT/G00006,OPERATING,MCMS,33KV,SUBSTATION CODE,NULL,6243,KALSHLUG,KLGK
KLGK/KVT/G00007,PMU T.EWA (CB1L5) - PPU KKOK (CB1L5),KLGK/KVT/G00007,OPERATING,MCMS,33KV,SUBSTATION CODE,NULL,6243,KALSHLUG,KLGK
KLGK/KVT/G00008,PMU T.EWA (CB2L5) - PPU KKOK (CB3L5),KLGK/KVT/G00008,OPERATING,MCMS,33KV,SUBSTATION CODE,NULL,6243,KALSHLUG,KLGK
KLGK/KVT/G00009,PMU TEWA (CB4L5) - PPU UMKA (CB5L6),KLGK/KVT/G00009,OPERATING,MCMS,33KV,SUBSTATION CODE,NULL,6243,KLGKHLUG,KLGK
KLGK/KVT/G00010,PPU T.EWA (CB4L5) - PPU KLBG (CB1L5),KLGK/KVT/G00010,OPERATING,MCMS,33KV,SUBSTATION CODE,NULL,6240,KALSHLUG,KLGK
KLGK/KVT/G00011,PMU UMKA(CB3L5) - PPU LICC(CB2P5),KLGK/KVT/G00011,OPERATING,MCMS,33KV,SUBSTATION CODE,NULL,6243,KALSHLUG,KLGK
KLGK/KVT/G00012,PPU CHANDEKURA (CB4L5) -  - MPPU PTENGAH,KLGK/KVT/G00012,OPERATING,MCMS,33KV,SUBSTATION CODE,NULL,6243,KALS33OH,KLGK
KPDG/KVT/G00001,PMU JENIANG - PPU SUNGAI TIANG,KPDG/KVT/G00001,OPERATING,MCMS,33KV,SUBSTATION CODE,NULL,6244,KALS33OH,KPDG
KPDG/KVT/G00002,PPU SUNGAI TIANG - PPU NAKA,KPDG/KVT/G00002,OPERATING,MCMS,33KV,SUBSTATION CODE,NULL,6246,KALS33OH,KPDG
KPDG/KVT/G00003,PMU KOTA SETAR - PPU BUKIT RAYA,KPDG/KVT/G00003,OPERATING,MCMS,33KV,SUBSTATION CODE,NULL,6246,KALS33OH,KPDG
KPDG/KVT/G00004,PPU BUKIT RAYA - PPU PENDANG,KPDG/KVT/G00004,OPERATING,MCMS,33KV,SUBSTATION CODE,NULL,6246,KALS33OH,KPDG
KPDG/KVT/G00005,PMU GURUN EAST - PPU LOJI AIR PENDANG,KPDG/KVT/G00005,OPERATING,MCMS,33KV,SUBSTATION CODE,NULL,6246,KALS33OH,KPDG
KPDG/KVT/G00006,PPU LOGI AIR PENDANG - PPU PENDANG,KPDG/KVT/G00006,OPERATING,MCMS,33KV,SUBSTATION CODE,NULL,6246,KALS33OH,KPDG
KPDG/KVT/G00007,PMU JENIANG - PPU SG TIANG,KPDG/KVT/G00007,OPERATING,MCMS,33KV,SUBSTATION CODE,NULL,6246,KALS33OH,KPDG
KPDG/KVT/G00008,PMU GURUN EAST - PPU SG TIANG,KPDG/KVT/G00008,OPERATING,MCMS,33KV,SUBSTATION CODE,NULL,6246,NULL,KPDG
KSGP/KVT/G00001,PMU BEDONG - SSU MODENAS,KSGP/KVT/G00001,OPERATING,MCMS,33KV,SUBSTATION CODE,NULL,6290,KSGPHVUG,KSGP
KSGP/KVT/G00002,PMU BEDONG - SSU MDF MERBOK,KSGP/KVT/G00002,OPERATING,MCMS,33KV,SUBSTATION CODE,NULL,6290,KSGPHVUG,KSGP
KSGP/KVT/G00003,PMU BEDONG - PPU UITM MERBOK,KSGP/KVT/G00003,OPERATING,MCMS,33KV,SUBSTATION CODE,NULL,6290,KSGPHVUG,KSGP
KSGP/KVT/G00004,PPU UITM MERB0K - SSU MDF MERBOK,KSGP/KVT/G00004,OPERATING,MCMS,33KV,SUBSTATION CODE,NULL,6290,KSGPHVUG,KSGP
KSGP/KVT/G00005,PMU BEDONG - PPU SG LALANG,KSGP/KVT/G00005,OPERATING,MCMS,33KV,SUBSTATION CODE,NULL,6290,KSGPHVUG,KSGP
KSGP/KVT/G00006,PPU SG LALANG - PPU AMANJAYA,KSGP/KVT/G00006,OPERATING,MCMS,33KV,SUBSTATION CODE,NULL,6290,KSGPHVUG,KSGP
KSGP/KVT/G00007,PMU SPID - PPU AMANJAYA,KSGP/KVT/G00007,OPERATING,MCMS,33KV,SUBSTATION CODE,NULL,6290,KSGPHVUG,KSGP
KSGP/KVT/G00008,PMU SPID - PPU WAKTU CERAH,KSGP/KVT/G00008,OPERATING,MCMS,33KV,SUBSTATION CODE,NULL,6290,KSGPHVUG,KSGP
KSGP/KVT/G00009,PMU SPID - PPU SERUKAM,KSGP/KVT/G00009,OPERATING,MCMS,33KV,SUBSTATION CODE,NULL,6290,KSGPHVUG,KSGP
KSGP/KVT/G00010,PMU SPID - PPU BAKAR ARANG,KSGP/KVT/G00010,OPERATING,MCMS,33KV,SUBSTATION CODE,NULL,6290,KSGPHVUG,KSGP
KSGP/KVT/G00011,PPU B/ARANG - PPU HONDA HICOM,KSGP/KVT/G00011,OPERATING,MCMS,33KV,SUBSTATION CODE,NULL,6290,KSGPHVUG,KSGP
KSGP/KVT/G00012,PPU HONDA HICOM - PPU SERUKAM,KSGP/KVT/G00012,OPERATING,MCMS,33KV,SUBSTATION CODE,NULL,6290,KSGPHVUG,KSGP
KSGP/KVT/G00013,PMU TIKAM BATU - PPU B/ARANG,KSGP/KVT/G00013,OPERATING,MCMS,33KV,SUBSTATION CODE,NULL,6290,KSGPHVUG,KSGP
KSGP/KVT/G00014,PMU T.BATU - PPU PDG TEMUSU,KSGP/KVT/G00014,OPERATING,MCMS,33KV,SUBSTATION CODE,NULL,6290,KSGPHVUG,KSGP
KSGP/KVT/G00015,PMU T.BATU - PPU CERGAS LAYAR,KSGP/KVT/G00015,OPERATING,MCMS,33KV,SUBSTATION CODE,NULL,6290,KSGPHVUG,KSGP
KSGP/KVT/G00016,PPU BAKAR ARANG - PPU PDG TEMUSU,KSGP/KVT/G00016,OPERATING,MCMS,33KV,SUBSTATION CODE,NULL,6290,KSGPHVUG,KSGP
KSGP/KVT/G00017,PPU CERGAS LAYAR - PPU PDG TEMUSU,KSGP/KVT/G00017,OPERATING,MCMS,33KV,SUBSTATION CODE,NULL,6290,KSGPHVUG,KSGP
KSGP/KVT/G00018,PMU T/BATU - BUMBONG LIMA,KSGP/KVT/G00018,OPERATING,MCMS,33KV,SUBSTATION CODE,NULL,6290,KSGPHVUG,KSGP
KSGP/KVT/G00019,PMU SPID - PPU TMN KELISA,KSGP/KVT/G00019,OPERATING,MCMS,33KV,SUBSTATION CODE,NULL,6290,KSGPHVUG,KSGP
KSGP/KVT/G00020,PMU TAMAN INTAN - PPU BAKAR ARANG NO.1,KSGP/KVT/G00020,OPERATING,MCMS,33KV,SUBSTATION CODE,NULL,6290,KSGPHVUG,KSGP
KSGP/KVT/G00021,PMU TAMAN INTAN - PPU BAKAR ARANG NO.2,KSGP/KVT/G00021,OPERATING,MCMS,33KV,SUBSTATION CODE,NULL,6290,KSGPHVUG,KSGP
KSGP/KVT/G00022,PMU TIKAM BATU - PPU HONDA HICOM,KSGP/KVT/G00022,OPERATING,MCMS,33KV,SUBSTATION CODE,NULL,6290,KSGPHVUG,KSGP
KSGP/KVT/G00023,PPU UITM MERBOK - SSU AIMST,KSGP/KVT/G00023,OPERATING,MCMS,33KV,SUBSTATION CODE,NULL,6290,KSGPHVUG,KSGP
KSGP/KVT/G00024,PMU BEDONG - SSU AIMST,KSGP/KVT/G00024,OPERATING,MCMS,33KV,SUBSTATION CODE,NULL,6290,KSGPHVUG,KSGP
KSGP/KVT/G00025,PPU PDG TEMUSU - PPU PINANG TUNGGAL,KSGP/KVT/G00025,OPERATING,MCMS,33KV,SUBSTATION CODE,NULL,6290,KSGPHVUG,KSGP
KSGP/KVT/G00026,PPU TMN KELISA - PPU WAKTU CERAH,KSGP/KVT/G00026,OPERATING,MCMS,33KV,SUBSTATION CODE,NULL,6290,KSGPHVUG,KSGP
KSGP/KVT/G00027,PMU AMANJAYA - PPU UITM MERBOK,KSGP/KVT/G00027,OPERATING,MCMS,33KV,SUBSTATION CODE,NULL,6290,KSGPHVUG,KSGP
KSGP/KVT/G00028,PMU TAMAN INTAN - PPU CERGAS LAYAR NO.1,KSGP/KVT/G00028,OPERATING,MCMS,33KV,SUBSTATION CODE,NULL,6290,KSGPHVUG,KSGP
KSGP/KVT/G00029,PMU TAMAN INTAN - PPU CERGAS LAYAR NO.2,KSGP/KVT/G00029,OPERATING,MCMS,33KV,SUBSTATION CODE,NULL,6290,KSGPHVUG,KSGP
KSGP/KVT/G00030,PMU AMANJAYA - PPU SG LALANG NO.1,KSGP/KVT/G00030,OPERATING,MCMS,33KV,SUBSTATION CODE,NULL,6290,KSGPHVUG,KSGP
KSGP/KVT/G00031,PMU AMANJAYA - PPU SG LALANG NO.2,KSGP/KVT/G00031,OPERATING,MCMS,33KV,SUBSTATION CODE,NULL,6290,KSGPHVUG,KSGP
KSGP/KVT/G00032,PMU AMANJAYA - PPU AMANJAYA NO.1,KSGP/KVT/G00032,OPERATING,MCMS,33KV,SUBSTATION CODE,NULL,6290,KSGPHVUG,KSGP
KSGP/KVT/G00033,PMU AMANJAYA - PPU AMANJAYA NO.2,KSGP/KVT/G00033,OPERATING,MCMS,33KV,SUBSTATION CODE,NULL,6290,KSGPHVUG,KSGP
KSGP/KVT/G00034,PMU SPID - SSU MDC NO.1,KSGP/KVT/G00034,OPERATING,MCMS,33KV,SUBSTATION CODE,NULL,6290,KSGPHVUG,KSGP
KSGP/KVT/G00035,PMU SPID - SSU MDC NO.2,KSGP/KVT/G00035,OPERATING,MCMS,33KV,SUBSTATION CODE,NULL,6290,KSGPHVUG,KSGP
KSGP/KVT/G00036,PMU SPID - PPU SPID (MOBILE),KSGP/KVT/G00036,OPERATING,MCMS,33KV,SUBSTATION CODE,NULL,6290,KSGPHVUG,KSGP
KSGP/KVT/G00037,PMU TAMAN INTAN - PPU AMANJAYA,KSGP/KVT/G00037,OPERATING,MCMS,33KV,SUBSTATION CODE,NULL,6290,KSGPHVUG,KSGP
KSGP/KVT/G00038,PMU TAMAN INTAN - PPU LAGUNA (POT END),KSGP/KVT/G00038,OPERATING,MCMS,33KV,SUBSTATION CODE,NULL,6290,KSGPHVUG,KSGP
KSGP/KVT/G00039,PMU Amanjaya(8L5) - PPU Tmn Kelisa(4L5),KSGP/KVT/G00039,OPERATING,MCMS,33KV,SUBSTATION CODE,NULL,6290,KSGPHVUG,KSGP
KSGP/KVT/G00040,PMU Amanjaya(7L5) - PPU Tmn Kelisa(1L5),KSGP/KVT/G00040,OPERATING,MCMS,33KV,SUBSTATION CODE,NULL,6290,KSGPHVUG,KSGP
KSGP/KVT/G00041,PMU SPID(5L5) - PPU Waktu Cerah(4L5),KSGP/KVT/G00041,OPERATING,MCMS,33KV,SUBSTATION CODE,NULL,6290,KSGPHVUG,KSGP
KSGP/KVT/G00042,SSU LAKH - PPU Pinang Tunggal,KSGP/KVT/G00042,OPERATING,MCMS,33KV,SUBSTATION CODE,NULL,6290,KSGPHVUG,KSGP
KSGP/KVT/G00043,Cadangan PPU Cergas Layar - PPU H.Hicom,KSGP/KVT/G00043,OPERATING,MCMS,33KV,SUBSTATION CODE,NULL,6290,KSGPHVUG,KSGP
KSIK/KVT/G00001,PMU JENIANG PPU SIK (1L5),KSIK/KVT/G00001,OPERATING,MCMS,33KV,NULL,NULL,6293,KSGP33OH,KSIK
KSIK/KVT/G00002,PMU JENIANG - PPU SIK (2L5),KSIK/KVT/G00002,OPERATING,MCMS,33KV,SUBSTATION CODE,NULL,6293,KSGP33OH,KSIK
